Amount requested,Day,Month,Year
2000,26,5,2007
47400,27,5,2007
23900,28,5,2007
121050,29,5,2007
87500,30,5,2007
46500,31,5,2007
79325,1,6,2007
57000,2,6,2007
33000,3,6,2007
69600,4,6,2007
17800,5,6,2007
65100,6,6,2007
6000,7,6,2007
63300,8,6,2007
50500,9,6,2007
41000,10,6,2007
43500,11,6,2007
118975,12,6,2007
52000,13,6,2007
32000,14,6,2007
46500,15,6,2007
47000,16,6,2007
57500,17,6,2007
53500,18,6,2007
129150,19,6,2007
44000,20,6,2007
89000,21,6,2007
77000,22,6,2007
80000,23,6,2007
188900,24,6,2007
210950,25,6,2007
76000,26,6,2007
19500,27,6,2007
31500,28,6,2007
59000,29,6,2007
71200,30,6,2007
126600,1,7,2007
93000,2,7,2007
109500,3,7,2007
77425,4,7,2007
32500,5,7,2007
27825,6,7,2007
91300,7,7,2007
67500,8,7,2007
59000,9,7,2007
62000,10,7,2007
33000,11,7,2007
93000,12,7,2007
57800,13,7,2007
35000,14,7,2007
21000,15,7,2007
52000,16,7,2007
52000,17,7,2007
60850,18,7,2007
65400,19,7,2007
49200,20,7,2007
32775,21,7,2007
58000,22,7,2007
89100,23,7,2007
70300,24,7,2007
52500,25,7,2007
26600,26,7,2007
72275,27,7,2007
13500,28,7,2007
14500,29,7,2007
33050,30,7,2007
100250,31,7,2007
18625,1,8,2007
99100,2,8,2007
45000,3,8,2007
84300,4,8,2007
68500,5,8,2007
37000,6,8,2007
62000,7,8,2007
21000,8,8,2007
51500,9,8,2007
31550,10,8,2007
54000,11,8,2007
83500,12,8,2007
100500,13,8,2007
45500,14,8,2007
66025,15,8,2007
81750,16,8,2007
90500,17,8,2007
23450,18,8,2007
17225,19,8,2007
26000,20,8,2007
61500,21,8,2007
43200,22,8,2007
83000,23,8,2007
84200,24,8,2007
63500,25,8,2007
21500,26,8,2007
36000,27,8,2007
148175,28,8,2007
57000,29,8,2007
40100,30,8,2007
64700,31,8,2007
31500,1,9,2007
42000,2,9,2007
15000,3,9,2007
53700,4,9,2007
23350,5,9,2007
42000,6,9,2007
80500,7,9,2007
51700,8,9,2007
27000,9,9,2007
34000,10,9,2007
22400,11,9,2007
36550,12,9,2007
212700,13,9,2007
156300,14,9,2007
60000,15,9,2007
114400,16,9,2007
96000,17,9,2007
102775,18,9,2007
124000,19,9,2007
79100,20,9,2007
96000,21,9,2007
66525,22,9,2007
107375,23,9,2007
184050,24,9,2007
196275,25,9,2007
179450,26,9,2007
187800,27,9,2007
187400,28,9,2007
225575,29,9,2007
178000,30,9,2007
250575,1,10,2007
318350,2,10,2007
341300,3,10,2007
302050,4,10,2007
176000,5,10,2007
182425,6,10,2007
154225,7,10,2007
172050,8,10,2007
350825,9,10,2007
250850,10,10,2007
243150,11,10,2007
261775,12,10,2007
208150,13,10,2007
195925,14,10,2007
432600,15,10,2007
396100,16,10,2007
419825,17,10,2007
270300,18,10,2007
218600,19,10,2007
142000,20,10,2007
321000,21,10,2007
565000,22,10,2007
410600,23,10,2007
288200,24,10,2007
329000,25,10,2007
353900,26,10,2007
221600,27,10,2007
84750,28,10,2007
316750,29,10,2007
178500,30,10,2007
147500,31,10,2007
294400,1,11,2007
486300,2,11,2007
254000,3,11,2007
314025,4,11,2007
317150,5,11,2007
308575,6,11,2007
354700,7,11,2007
418300,8,11,2007
180800,9,11,2007
210900,10,11,2007
142000,11,11,2007
311800,12,11,2007
279000,13,11,2007
271550,14,11,2007
222875,15,11,2007
261300,16,11,2007
167600,17,11,2007
223375,18,11,2007
363500,19,11,2007
297775,20,11,2007
352900,21,11,2007
289900,22,11,2007
681100,23,11,2007
356200,24,11,2007
542575,25,11,2007
761335,26,11,2007
664700,27,11,2007
830850,28,11,2007
727800,29,11,2007
634675,30,11,2007
407275,1,12,2007
512725,2,12,2007
763675,3,12,2007
760650,4,12,2007
598600,5,12,2007
688050,6,12,2007
579500,7,12,2007
282300,8,12,2007
408400,9,12,2007
585600,10,12,2007
494500,11,12,2007
727975,12,12,2007
725200,13,12,2007
653925,14,12,2007
387700,15,12,2007
452314,16,12,2007
700980,17,12,2007
694200,18,12,2007
356329,19,12,2007
367150,20,12,2007
249100,21,12,2007
273275,22,12,2007
143500,23,12,2007
215300,24,12,2007
149725,25,12,2007
742750,26,12,2007
960404,27,12,2007
712784,28,12,2007
519275,29,12,2007
454300,30,12,2007
496600,31,12,2007
413275,1,1,2008
793943,2,1,2008
781850,3,1,2008
705000,4,1,2008
424681,5,1,2008
404525,6,1,2008
808375,7,1,2008
614350,8,1,2008
676025,9,1,2008
675294,10,1,2008
630365,11,1,2008
752950,12,1,2008
4651200,13,1,2008
3634126,14,1,2008
1951295,15,1,2008
1615925,16,1,2008
1126475,17,1,2008
987193,18,1,2008
771125,19,1,2008
997550,20,1,2008
970720,21,1,2008
787882,22,1,2008
853775,23,1,2008
726550,24,1,2008
608800,25,1,2008
552700,26,1,2008
504700,27,1,2008
1253875,28,1,2008
918131,29,1,2008
873573,30,1,2008
765100,31,1,2008
629250,1,2,2008
467400,2,2,2008
571000,3,2,2008
925800,4,2,2008
960275,5,2,2008
759650,6,2,2008
693893,7,2,2008
767506,8,2,2008
607950,9,2,2008
733480,10,2,2008
1724594,11,2,2008
1031762,12,2,2008
798450,13,2,2008
656425,14,2,2008
671375,15,2,2008
366449,16,2,2008
725500,17,2,2008
747009,18,2,2008
774050,19,2,2008
797170,20,2,2008
536125,21,2,2008
470250,22,2,2008
431400,23,2,2008
411975,24,2,2008
878025,25,2,2008
740150,26,2,2008
630074,27,2,2008
624850,28,2,2008
470350,29,2,2008
443800,1,3,2008
731495,2,3,2008
894850,3,3,2008
901725,4,3,2008
846762,5,3,2008
594400,6,3,2008
710403,7,3,2008
432500,8,3,2008
702275,9,3,2008
1105200,10,3,2008
888860,11,3,2008
824850,12,3,2008
1059425,13,3,2008
915100,14,3,2008
805996,15,3,2008
651812,16,3,2008
737000,17,3,2008
911600,18,3,2008
1151543,19,3,2008
998450,20,3,2008
3149650,21,3,2008
1662050,22,3,2008
1128235,23,3,2008
2095250,24,3,2008
1556750,25,3,2008
1456117,26,3,2008
729750,27,3,2008
773025,28,3,2008
475600,29,3,2008
655050,30,3,2008
587000,31,3,2008
656500,1,4,2008
812150,2,4,2008
571525,3,4,2008
555275,4,4,2008
3534950,5,4,2008
2756325,6,4,2008
6653825,7,4,2008
858850,8,4,2008
582675,9,4,2008
418250,10,4,2008
296700,11,4,2008
163500,12,4,2008
236775,13,4,2008
245350,14,4,2008
442950,15,4,2008
299950,16,4,2008
269250,17,4,2008
212700,18,4,2008
161700,19,4,2008
189925,20,4,2008
261200,21,4,2008
279675,22,4,2008
308450,23,4,2008
339125,24,4,2008
281100,25,4,2008
209400,26,4,2008
307000,27,4,2008
378200,28,4,2008
362750,29,4,2008
228200,30,4,2008
281350,1,5,2008
220700,2,5,2008
183230,3,5,2008
166200,4,5,2008
288275,5,5,2008
327300,6,5,2008
209800,7,5,2008
193700,8,5,2008
107600,9,5,2008
153100,10,5,2008
207425,11,5,2008
198100,12,5,2008
209300,13,5,2008
214800,14,5,2008
174850,15,5,2008
147599,16,5,2008
98000,17,5,2008
137888,18,5,2008
181475,19,5,2008
221325,20,5,2008
199400,21,5,2008
222650,22,5,2008
203300,23,5,2008
99225,24,5,2008
134200,25,5,2008
175950,26,5,2008
193100,27,5,2008
206200,28,5,2008
225100,29,5,2008
222100,30,5,2008
176078,31,5,2008
165975,1,6,2008
205500,2,6,2008
286866,3,6,2008
258950,4,6,2008
210700,5,6,2008
208550,6,6,2008
138750,7,6,2008
134200,8,6,2008
347500,9,6,2008
265750,10,6,2008
239200,11,6,2008
235900,12,6,2008
224900,13,6,2008
104950,14,6,2008
144900,15,6,2008
319500,16,6,2008
304550,17,6,2008
255550,18,6,2008
285600,19,6,2008
301350,20,6,2008
215725,21,6,2008
234620,22,6,2008
259850,23,6,2008
391995,24,6,2008
268350,25,6,2008
317400,26,6,2008
216150,27,6,2008
77350,28,6,2008
133000,29,6,2008
162975,30,6,2008
152300,1,7,2008
177525,2,7,2008
159200,3,7,2008
123850,4,7,2008
133000,5,7,2008
148300,6,7,2008
168950,7,7,2008
186650,8,7,2008
245700,9,7,2008
421000,10,7,2008
381125,11,7,2008
180700,12,7,2008
279800,13,7,2008
383495,14,7,2008
418300,15,7,2008
244300,16,7,2008
358475,17,7,2008
306200,18,7,2008
149900,19,7,2008
273300,20,7,2008
354500,21,7,2008
267500,22,7,2008
165375,23,7,2008
255000,24,7,2008
148400,25,7,2008
85200,26,7,2008
124600,27,7,2008
235400,28,7,2008
181050,29,7,2008
296000,30,7,2008
229950,31,7,2008
200250,1,8,2008
132200,2,8,2008
108400,3,8,2008
238200,4,8,2008
226043,5,8,2008
254900,6,8,2008
268700,7,8,2008
232900,8,8,2008
133800,9,8,2008
132000,10,8,2008
197500,11,8,2008
205000,12,8,2008
195075,13,8,2008
135000,14,8,2008
177000,15,8,2008
95200,16,8,2008
162500,17,8,2008
168675,18,8,2008
133050,19,8,2008
233200,20,8,2008
222000,21,8,2008
207800,22,8,2008
133100,23,8,2008
257000,24,8,2008
401850,25,8,2008
570500,26,8,2008
247800,27,8,2008
174000,28,8,2008
153600,29,8,2008
137100,30,8,2008
117600,31,8,2008
130075,1,9,2008
187200,2,9,2008
145700,3,9,2008
160000,4,9,2008
146200,5,9,2008
91325,6,9,2008
111700,7,9,2008
163000,8,9,2008
275420,9,9,2008
284900,10,9,2008
145000,11,9,2008
186500,12,9,2008
137750,13,9,2008
114300,14,9,2008
193300,15,9,2008
239200,16,9,2008
185000,17,9,2008
181100,18,9,2008
164000,19,9,2008
75600,20,9,2008
108000,21,9,2008
190400,22,9,2008
227525,23,9,2008
172075,24,9,2008
181900,25,9,2008
150400,26,9,2008
60250,27,9,2008
147000,28,9,2008
288400,29,9,2008
163200,30,9,2008
147050,1,10,2008
176100,2,10,2008
212250,3,10,2008
121300,4,10,2008
165050,5,10,2008
160225,6,10,2008
287200,7,10,2008
223100,8,10,2008
178300,9,10,2008
173500,10,10,2008
101700,11,10,2008
203100,12,10,2008
315050,13,10,2008
482120,14,10,2008
705000,15,10,2008
797275,16,10,2008
1068050,17,10,2008
796575,18,10,2008
561800,19,10,2008
1748862,20,10,2008
1369575,21,10,2008
1030000,22,10,2008
1041300,23,10,2008
767400,24,10,2008
819725,25,10,2008
942650,26,10,2008
828883,27,10,2008
941601,28,10,2008
1040200,29,10,2008
1329175,30,10,2008
997550,31,10,2008
726316,1,11,2008
854500,2,11,2008
1134100,3,11,2008
2441275,4,11,2008
1663700,5,11,2008
1605100,6,11,2008
1257973,7,11,2008
945150,8,11,2008
914683,9,11,2008
1407150,10,11,2008
1331363,11,11,2008
1666400,12,11,2008
1142375,13,11,2008
1189550,14,11,2008
833050,15,11,2008
1066425,16,11,2008
1475825,17,11,2008
1278350,18,11,2008
1452550,19,11,2008
1257375,20,11,2008
989400,21,11,2008
798650,22,11,2008
912300,23,11,2008
1351474,24,11,2008
1167000,25,11,2008
966288,26,11,2008
412600,27,11,2008
717900,28,11,2008
634500,29,11,2008
582725,30,11,2008
1239700,1,12,2008
837750,2,12,2008
942025,3,12,2008
972400,4,12,2008
917150,5,12,2008
741700,6,12,2008
805400,7,12,2008
1016700,8,12,2008
1191625,9,12,2008
1184850,10,12,2008
1298250,11,12,2008
900100,12,12,2008
450300,13,12,2008
518250,14,12,2008
862861,15,12,2008
1047400,16,12,2008
954500,17,12,2008
980725,18,12,2008
593895,19,12,2008
647800,20,12,2008
506800,21,12,2008
810500,22,12,2008
546225,23,12,2008
515550,24,12,2008
222500,25,12,2008
1037175,26,12,2008
389425,27,12,2008
1865575,28,12,2008
2654100,29,12,2008
1755250,30,12,2008
469800,31,12,2008
436000,1,1,2009
721650,2,1,2009
777600,3,1,2009
800600,4,1,2009
1226975,5,1,2009
1034825,6,1,2009
999475,7,1,2009
947950,8,1,2009
740575,9,1,2009
678875,10,1,2009
673700,11,1,2009
924150,12,1,2009
1152300,13,1,2009
1115609,14,1,2009
995650,15,1,2009
662450,16,1,2009
656694,17,1,2009
844700,18,1,2009
764446,19,1,2009
834250,20,1,2009
896093,21,1,2009
1122825,22,1,2009
983650,23,1,2009
918410,24,1,2009
985350,25,1,2009
1472230,26,1,2009
1272050,27,1,2009
1266902,28,1,2009
1134700,29,1,2009
891600,30,1,2009
595350,31,1,2009
504348,1,2,2009
1298998,2,2,2009
1055925,3,2,2009
1243225,4,2,2009
1057875,5,2,2009
726950,6,2,2009
535825,7,2,2009
722640,8,2,2009
945850,9,2,2009
817541,10,2,2009
843800,11,2,2009
947500,12,2,2009
611400,13,2,2009
500115,14,2,2009
597100,15,2,2009
985225,16,2,2009
981337,17,2,2009
1104150,18,2,2009
1116650,19,2,2009
970300,20,2,2009
679700,21,2,2009
533325,22,2,2009
1098725,23,2,2009
1377775,24,2,2009
1157675,25,2,2009
945100,26,2,2009
921050,27,2,2009
667275,28,2,2009
787999,1,3,2009
1167500,2,3,2009
1001750,3,3,2009
1568025,4,3,2009
1203042,5,3,2009
867100,6,3,2009
658425,7,3,2009
638525,8,3,2009
2182555,9,3,2009
1627323,10,3,2009
1261735,11,3,2009
1325000,12,3,2009
1034467,13,3,2009
1280375,14,3,2009
1125641,15,3,2009
1477737,16,3,2009
2757926,17,3,2009
1645676,18,3,2009
1697342,19,3,2009
1703895,20,3,2009
1390357,21,3,2009
1642169,22,3,2009
1835350,23,3,2009
1928748,24,3,2009
1849347,25,3,2009
2187600,26,3,2009
1532660,27,3,2009
1432559,28,3,2009
1331660,29,3,2009
2397416,30,3,2009
1843970,31,3,2009
1660966,1,4,2009
1493219,2,4,2009
1472976,3,4,2009
925007,4,4,2009
1194954,5,4,2009
1767662,6,4,2009
1991378,7,4,2009
1709193,8,4,2009
2001648,9,4,2009
1849085,10,4,2009
1252021,11,4,2009
1099303,12,4,2009
1993632,13,4,2009
1729922,14,4,2009
2383063,15,4,2009
3057800,16,4,2009
1976500,17,4,2009
1551675,18,4,2009
1440350,19,4,2009
3209925,20,4,2009
2942250,21,4,2009
2050038,22,4,2009
2732168,23,4,2009
1856275,24,4,2009
1187400,25,4,2009
1322550,26,4,2009
3118540,27,4,2009
2740582,28,4,2009
2260300,29,4,2009
2351440,30,4,2009
1535449,1,5,2009
1153125,2,5,2009
1168141,3,5,2009
2206335,4,5,2009
3177700,5,5,2009
2730925,6,5,2009
2007575,7,5,2009
1837500,8,5,2009
1416450,9,5,2009
1379900,10,5,2009
2561362,11,5,2009
2906625,12,5,2009
2130705,13,5,2009
2111085,14,5,2009
1846025,15,5,2009
1147729,16,5,2009
1093250,17,5,2009
2240750,18,5,2009
3166400,19,5,2009
2875450,20,5,2009
2570650,21,5,2009
1913350,22,5,2009
1593350,23,5,2009
1350125,24,5,2009
1862599,25,5,2009
3180138,26,5,2009
3220425,27,5,2009
3091925,28,5,2009
2595975,29,5,2009
1706795,30,5,2009
1498600,31,5,2009
2826250,1,6,2009
3229152,2,6,2009
3121150,3,6,2009
2692728,4,6,2009
2347280,5,6,2009
1639275,6,6,2009
1510850,7,6,2009
3282034,8,6,2009
3025285,9,6,2009
2937500,10,6,2009
2488875,11,6,2009
1716700,12,6,2009
1510750,13,6,2009
1548575,14,6,2009
2979306,15,6,2009
2907905,16,6,2009
2938525,17,6,2009
2935075,18,6,2009
2416725,19,6,2009
1664301,20,6,2009
1471625,21,6,2009
2919925,22,6,2009
2555000,23,6,2009
2459075,24,6,2009
2231130,25,6,2009
1580145,26,6,2009
1187625,27,6,2009
1428050,28,6,2009
2832000,29,6,2009
2676120,30,6,2009
2760950,1,7,2009
2620870,2,7,2009
1459705,3,7,2009
937200,4,7,2009
1108700,5,7,2009
2519050,6,7,2009
2563600,7,7,2009
3248050,8,7,2009
2266850,9,7,2009
2039170,10,7,2009
1175200,11,7,2009
1073225,12,7,2009
2004840,13,7,2009
1701300,14,7,2009
1928975,15,7,2009
1859675,16,7,2009
1299300,17,7,2009
980400,18,7,2009
1094725,19,7,2009
2021525,20,7,2009
2107700,21,7,2009
1736725,22,7,2009
1718950,23,7,2009
1191851,24,7,2009
759000,25,7,2009
718900,26,7,2009
3206750,27,7,2009
2077350,28,7,2009
1736709,29,7,2009
1494150,30,7,2009
1493630,31,7,2009
915150,1,8,2009
969300,2,8,2009
1555850,3,8,2009
1451525,4,8,2009
1522500,5,8,2009
1370305,6,8,2009
1040210,7,8,2009
729350,8,8,2009
815895,9,8,2009
1606751,10,8,2009
1487425,11,8,2009
1199623,12,8,2009
1410300,13,8,2009
1436900,14,8,2009
781400,15,8,2009
815550,16,8,2009
1607200,17,8,2009
1411500,18,8,2009
1192200,19,8,2009
1368950,20,8,2009
1068275,21,8,2009
975350,22,8,2009
771326,23,8,2009
1846900,24,8,2009
2296998,25,8,2009
2152450,26,8,2009
1454439,27,8,2009
1263125,28,8,2009
805675,29,8,2009
965650,30,8,2009
1450100,31,8,2009
1252975,1,9,2009
1287230,2,9,2009
1323687,3,9,2009
1158800,4,9,2009
767675,5,9,2009
760200,6,9,2009
944150,7,9,2009
1535125,8,9,2009
1659625,9,9,2009
1155525,10,9,2009
1575525,11,9,2009
1543720,12,9,2009
1536100,13,9,2009
4410817,14,9,2009
3535675,15,9,2009
2557864,16,9,2009
1958350,17,9,2009
1666303,18,9,2009
1076795,19,9,2009
1420400,20,9,2009
2013494,21,9,2009
2238385,22,9,2009
2439450,23,9,2009
2033750,24,9,2009
1937000,25,9,2009
1025850,26,9,2009
1283600,27,9,2009
2730400,28,9,2009
2206895,29,9,2009
1895847,30,9,2009
2439525,1,10,2009
1798512,2,10,2009
1229853,3,10,2009
1431225,4,10,2009
2091225,5,10,2009
2190275,6,10,2009
2023986,7,10,2009
1760988,8,10,2009
2008022,9,10,2009
1317669,10,10,2009
1445026,11,10,2009
2246459,12,10,2009
1789815,13,10,2009
1983275,14,10,2009
1681050,15,10,2009
1655200,16,10,2009
984225,17,10,2009
910300,18,10,2009
2069646,19,10,2009
1776000,20,10,2009
1454300,21,10,2009
1698525,22,10,2009
1438830,23,10,2009
1117700,24,10,2009
1031600,25,10,2009
1663400,26,10,2009
1903016,27,10,2009
1829075,28,10,2009
1263550,29,10,2009
1402150,30,10,2009
1001524,31,10,2009
1135450,1,11,2009
2085384,2,11,2009
2284950,3,11,2009
1775770,4,11,2009
1579000,5,11,2009
1484927,6,11,2009
1074000,7,11,2009
1613303,8,11,2009
2273200,9,11,2009
2425397,10,11,2009
2135155,11,11,2009
2050072,12,11,2009
1469259,13,11,2009
1155800,14,11,2009
968350,15,11,2009
1817925,16,11,2009
2769175,17,11,2009
2083352,18,11,2009
1615478,19,11,2009
1289400,20,11,2009
895000,21,11,2009
1087803,22,11,2009
1706850,23,11,2009
1834250,24,11,2009
2168300,25,11,2009
588200,26,11,2009
1414275,27,11,2009
1200000,28,11,2009
1031250,29,11,2009
2186399,30,11,2009
2089375,1,12,2009
2540566,2,12,2009
2488175,3,12,2009
1737475,4,12,2009
1023550,5,12,2009
1106660,6,12,2009
2360835,7,12,2009
2063379,8,12,2009
2051054,9,12,2009
1505455,10,12,2009
1656450,11,12,2009
818024,12,12,2009
1057600,13,12,2009
2119903,14,12,2009
1743000,15,12,2009
1455500,16,12,2009
1574005,17,12,2009
1728775,18,12,2009
932300,19,12,2009
809000,20,12,2009
1564133,21,12,2009
1473509,22,12,2009
1163525,23,12,2009
883222,24,12,2009
465764,25,12,2009
1121550,26,12,2009
817399,27,12,2009
1985587,28,12,2009
1804709,29,12,2009
1666700,30,12,2009
1000500,31,12,2009
688400,1,1,2010
1202065,2,1,2010
863721,3,1,2010
2040769,4,1,2010
2095980,5,1,2010
2548958,6,1,2010
2327192,7,1,2010
1970700,8,1,2010
1252350,9,1,2010
1537469,10,1,2010
2148250,11,1,2010
2396200,12,1,2010
2123800,13,1,2010
2340250,14,1,2010
2741725,15,1,2010
1552700,16,1,2010
1709250,17,1,2010
2346526,18,1,2010
2585095,19,1,2010
2821775,20,1,2010
2457095,21,1,2010
1868980,22,1,2010
1476474,23,1,2010
1244620,24,1,2010
3255788,25,1,2010
3502981,26,1,2010
2717075,27,1,2010
2080560,28,1,2010
1654575,29,1,2010
1653545,30,1,2010
1878075,31,1,2010
2765466,1,2,2010
3468405,2,2,2010
3245324,3,2,2010
1980734,4,2,2010
2083429,5,2,2010
1926519,6,2,2010
1269571,7,2,2010
2930150,8,2,2010
2809292,9,2,2010
3044820,10,2,2010
2825045,11,2,2010
1760851,12,2,2010
1271376,13,2,2010
1197625,14,2,2010
2139010,15,2,2010
2449100,16,2,2010
3082975,17,2,2010
2987617,18,2,2010
2119824,19,2,2010
1711675,20,2,2010
1407500,21,2,2010
2530495,22,2,2010
2510287,23,2,2010
2581198,24,2,2010
2492750,25,2,2010
1901300,26,2,2010
1196300,27,2,2010
1515225,28,2,2010
2549350,1,3,2010
3128500,2,3,2010
2388075,3,3,2010
2830300,4,3,2010
6377800,5,3,2010
1995300,6,3,2010
2250675,7,3,2010
4422950,8,3,2010
3409050,9,3,2010
2907075,10,3,2010
2872800,11,3,2010
2212000,12,3,2010
1791225,13,3,2010
1442025,14,3,2010
4087600,15,3,2010
2818650,16,3,2010
2958925,17,3,2010
2926850,18,3,2010
2366100,19,3,2010
1673575,20,3,2010
1455475,21,3,2010
2644700,22,3,2010
2930250,23,3,2010
2468100,24,3,2010
2582400,25,3,2010
2225750,26,3,2010
1521225,27,3,2010
1574775,28,3,2010
2010900,29,3,2010
2023025,30,3,2010
2334775,31,3,2010
2090025,1,4,2010
2202650,2,4,2010
1097550,3,4,2010
997400,4,4,2010
2643400,5,4,2010
2664050,6,4,2010
4147900,7,4,2010
2596275,8,4,2010
1996350,9,4,2010
2145550,10,4,2010
2566925,11,4,2010
4380325,12,4,2010
3312800,13,4,2010
3204425,14,4,2010
2824300,15,4,2010
2788125,16,4,2010
1324950,17,4,2010
1241600,18,4,2010
2960650,19,4,2010
3000000,20,4,2010
3022500,21,4,2010
3205250,22,4,2010
2406800,23,4,2010
2125325,24,4,2010
1954750,25,4,2010
3990950,26,4,2010
3053650,27,4,2010
3162900,28,4,2010
3040900,29,4,2010
2476900,30,4,2010
2110900,1,5,2010
2910275,2,5,2010
3624575,3,5,2010
3964275,4,5,2010
3916200,5,5,2010
3647025,6,5,2010
3445075,7,5,2010
2381125,8,5,2010
1916525,9,5,2010
6389450,10,5,2010
8988000,11,5,2010
6701075,12,5,2010
4831100,13,5,2010
4067075,14,5,2010
4011375,15,5,2010
2483175,16,5,2010
4751775,17,5,2010
5116550,18,5,2010
2818625,19,5,2010
2840925,20,5,2010
2422875,21,5,2010
1719525,22,5,2010
1838625,23,5,2010
3645975,24,5,2010
2860850,25,5,2010
2879475,26,5,2010
2692525,27,5,2010
1902750,28,5,2010
1432100,29,5,2010
1255000,30,5,2010
2450825,31,5,2010
4005350,1,6,2010
4327575,2,6,2010
4441575,3,6,2010
3810275,4,6,2010
2387900,5,6,2010
2610450,6,6,2010
4082600,7,6,2010
4185100,8,6,2010
4044200,9,6,2010
3363350,10,6,2010
3128875,11,6,2010
2587750,12,6,2010
2824800,13,6,2010
4190200,14,6,2010
3945850,15,6,2010
4591975,16,6,2010
3924625,17,6,2010
3088050,18,6,2010
2117250,19,6,2010
1821825,20,6,2010
4454975,21,6,2010
4428150,22,6,2010
4501800,23,6,2010
4589250,24,6,2010
3844475,25,6,2010
2684625,26,6,2010
2401325,27,6,2010
4265825,28,6,2010
4308950,29,6,2010
4277525,30,6,2010
4454625,1,7,2010
3227225,2,7,2010
1630850,3,7,2010
1769875,4,7,2010
3336775,5,7,2010
4626075,6,7,2010
4270550,7,7,2010
4998425,8,7,2010
5460850,9,7,2010
2987125,10,7,2010
2139550,11,7,2010
4331100,12,7,2010
4919300,13,7,2010
4446525,14,7,2010
4060475,15,7,2010
3386025,16,7,2010
2976925,17,7,2010
2218800,18,7,2010
4714850,19,7,2010
5071025,20,7,2010
4524750,21,7,2010
4440250,22,7,2010
4549025,23,7,2010
3014800,24,7,2010
2667875,25,7,2010
5157475,26,7,2010
4836400,27,7,2010
4142500,28,7,2010
3746325,29,7,2010
3162325,30,7,2010
2449350,31,7,2010
2401750,1,8,2010
4668575,2,8,2010
3950900,3,8,2010
3849600,4,8,2010
4132675,5,8,2010
3803650,6,8,2010
2208975,7,8,2010
2189625,8,8,2010
4068600,9,8,2010
4388800,10,8,2010
4562950,11,8,2010
3886900,12,8,2010
3150325,13,8,2010
2681775,14,8,2010
2739175,15,8,2010
5266675,16,8,2010
5125525,17,8,2010
5015950,18,8,2010
4073850,19,8,2010
3594725,20,8,2010
2629250,21,8,2010
2824300,22,8,2010
4639700,23,8,2010
5196200,24,8,2010
4831800,25,8,2010
4477650,26,8,2010
3076500,27,8,2010
2556625,28,8,2010
2635525,29,8,2010
4057975,30,8,2010
4150300,31,8,2010
4691500,1,9,2010
3837925,2,9,2010
3922725,3,9,2010
2372025,4,9,2010
2769125,5,9,2010
3643975,6,9,2010
4819150,7,9,2010
4714375,8,9,2010
4463050,9,9,2010
5497850,10,9,2010
3013275,11,9,2010
2871600,12,9,2010
4724150,13,9,2010
4914250,14,9,2010
4807350,15,9,2010
4777525,16,9,2010
3559025,17,9,2010
2468100,18,9,2010
2836550,19,9,2010
4735525,20,9,2010
3952300,21,9,2010
4539925,22,9,2010
3917500,23,9,2010
3808200,24,9,2010
3155925,25,9,2010
3071525,26,9,2010
5754150,27,9,2010
6492825,28,9,2010
5613825,29,9,2010
5183475,30,9,2010
4934375,1,10,2010
3558875,2,10,2010
3482700,3,10,2010
4760550,4,10,2010
5604300,5,10,2010
4524875,6,10,2010
4223175,7,10,2010
4241225,8,10,2010
2819000,9,10,2010
3129325,10,10,2010
4833075,11,10,2010
4613775,12,10,2010
4858700,13,10,2010
4762225,14,10,2010
4020625,15,10,2010
2541350,16,10,2010
2916325,17,10,2010
4607750,18,10,2010
6313450,19,10,2010
6427075,20,10,2010
4898575,21,10,2010
4033775,22,10,2010
3106575,23,10,2010
2577375,24,10,2010
5192725,25,10,2010
3523275,26,10,2010
3364975,27,10,2010
3431325,28,10,2010
3364875,29,10,2010
2571625,30,10,2010
2777775,31,10,2010
4226775,1,11,2010
4229100,2,11,2010
4944100,3,11,2010
5228900,4,11,2010
4071150,5,11,2010
3413025,6,11,2010
3270850,7,11,2010
5067975,8,11,2010
5195225,9,11,2010
5441925,10,11,2010
4947825,11,11,2010
4133000,12,11,2010
3218525,13,11,2010
3020125,14,11,2010
5902350,15,11,2010
6477450,16,11,2010
5799900,17,11,2010
5233750,18,11,2010
4452675,19,11,2010
3159675,20,11,2010
3225650,21,11,2010
4644425,22,11,2010
4425100,23,11,2010
2985725,24,11,2010
1813875,25,11,2010
3226550,26,11,2010
3367625,27,11,2010
3804275,28,11,2010
5138775,29,11,2010
6001400,30,11,2010
4962800,1,12,2010
5056050,2,12,2010
4573775,3,12,2010
3660750,4,12,2010
3612175,5,12,2010
5861600,6,12,2010
5279325,7,12,2010
5072525,8,12,2010
4081325,9,12,2010
4230750,10,12,2010
3559350,11,12,2010
3092100,12,12,2010
4416000,13,12,2010
4694775,14,12,2010
4569800,15,12,2010
4091225,16,12,2010
3133725,17,12,2010
3004500,18,12,2010
3085400,19,12,2010
4147775,20,12,2010
4362125,21,12,2010
3761275,22,12,2010
3821975,23,12,2010
1982150,24,12,2010
1910325,25,12,2010
2710575,26,12,2010
4850075,27,12,2010
4933025,28,12,2010
5907225,29,12,2010
5036125,30,12,2010
5787200,31,12,2010
7536725,1,1,2011
4393050,2,1,2011
6535900,3,1,2011
7073575,4,1,2011
6783850,5,1,2011
7260250,6,1,2011
6037550,7,1,2011
4823275,8,1,2011
4113500,9,1,2011
6430550,10,1,2011
8872275,11,1,2011
6056950,12,1,2011
6230150,13,1,2011
4846275,14,1,2011
5864625,15,1,2011
3937775,16,1,2011
4959000,17,1,2011
5125275,18,1,2011
4912850,19,1,2011
5718500,20,1,2011
5353450,21,1,2011
4321650,22,1,2011
4125100,23,1,2011
5658750,24,1,2011
5747375,25,1,2011
5253150,26,1,2011
4686350,27,1,2011
4814775,28,1,2011
3851350,29,1,2011
3727875,30,1,2011
6068675,31,1,2011
5344325,1,2,2011
5033125,2,2,2011
4518700,3,2,2011
4766875,4,2,2011
5295325,5,2,2011
4206975,6,2,2011
6128225,7,2,2011
7147150,8,2,2011
6525800,9,2,2011
6484125,10,2,2011
6068475,11,2,2011
4929275,12,2,2011
4690975,13,2,2011
7022000,14,2,2011
8713775,15,2,2011
7912575,16,2,2011
6659475,17,2,2011
6123875,18,2,2011
4770625,19,2,2011
3900825,20,2,2011
6605850,21,2,2011
8314950,22,2,2011
7975725,23,2,2011
7486300,24,2,2011
5911050,25,2,2011
2916725,26,2,2011
3055100,27,2,2011
8926425,28,2,2011
7611900,1,3,2011
7456050,2,3,2011
6600250,3,3,2011
6265000,4,3,2011
5050025,5,3,2011
5204750,6,3,2011
6578000,7,3,2011
6659100,8,3,2011
6942175,9,3,2011
6248800,10,3,2011
5968150,11,3,2011
4485025,12,3,2011
3070750,13,3,2011
7247975,14,3,2011
8323550,15,3,2011
9454225,16,3,2011
6839075,17,3,2011
5105325,18,3,2011
5442450,19,3,2011
5818475,20,3,2011
8825400,21,3,2011
8369200,22,3,2011
8308450,23,3,2011
8131875,24,3,2011
7063625,25,3,2011
6856775,26,3,2011
5563050,27,3,2011
8307700,28,3,2011
5064175,29,3,2011
4830175,30,3,2011
4875575,31,3,2011
6521100,1,4,2011
5841550,2,4,2011
5642750,3,4,2011
8813650,4,4,2011
9926275,5,4,2011
9198850,6,4,2011
9796100,7,4,2011
8332625,8,4,2011
6518325,9,4,2011
5031975,10,4,2011
10327575,11,4,2011
10283525,12,4,2011
11265050,13,4,2011
10524550,14,4,2011
8238300,15,4,2011
6736225,16,4,2011
6132350,17,4,2011
10463300,18,4,2011
10802300,19,4,2011
8204500,20,4,2011
8497550,21,4,2011
6768975,22,4,2011
4686775,23,4,2011
4630050,24,4,2011
10174075,25,4,2011
6526525,26,4,2011
6372025,27,4,2011
5685800,28,4,2011
5844500,29,4,2011
4221550,30,4,2011
3614475,1,5,2011
9317825,2,5,2011
1100025,3,5,2011
1274050,4,5,2011
944625,5,5,2011
1222525,6,5,2011
657100,7,5,2011
596400,8,5,2011
1344625,9,5,2011
1395825,10,5,2011
1232275,11,5,2011
1192375,12,5,2011
1285175,13,5,2011
721025,14,5,2011
775100,15,5,2011
1512625,16,5,2011
1705825,17,5,2011
1468200,18,5,2011
1030225,19,5,2011
1605650,20,5,2011
441225,21,5,2011
532350,22,5,2011
11156075,23,5,2011
7358875,24,5,2011
6502750,25,5,2011
5442875,26,5,2011
4175475,27,5,2011
2760000,28,5,2011
2697150,29,5,2011
4096600,30,5,2011
6334575,31,5,2011
10912550,1,6,2011
11337900,2,6,2011
9876500,3,6,2011
7581725,4,6,2011
6291200,5,6,2011
10928925,6,6,2011
10332900,7,6,2011
9495625,8,6,2011
9119800,9,6,2011
4952250,10,6,2011
6122800,11,6,2011
6452725,12,6,2011
10126000,13,6,2011
12375325,14,6,2011
10938625,15,6,2011
10066725,16,6,2011
8254125,17,6,2011
5840175,18,6,2011
5307875,19,6,2011
10899975,20,6,2011
10181200,21,6,2011
8962600,22,6,2011
7855600,23,6,2011
7431075,24,6,2011
5738525,25,6,2011
5461425,26,6,2011
9911950,27,6,2011
9927950,28,6,2011
9495100,29,6,2011
9063800,30,6,2011
6721700,1,7,2011
5366900,2,7,2011
5262475,3,7,2011
5185825,4,7,2011
9919700,5,7,2011
11688150,6,7,2011
10638700,7,7,2011
8941650,8,7,2011
7304875,9,7,2011
6176450,10,7,2011
11985600,11,7,2011
12090425,12,7,2011
10388700,13,7,2011
9887575,14,7,2011
8069350,15,7,2011
5868350,16,7,2011
6063775,17,7,2011
11960675,18,7,2011
11335275,19,7,2011
11528250,20,7,2011
11530850,21,7,2011
10253150,22,7,2011
8173200,23,7,2011
8201750,24,7,2011
12705450,25,7,2011
12436450,26,7,2011
7278375,27,7,2011
6099550,28,7,2011
5349825,29,7,2011
7945150,30,7,2011
8119525,31,7,2011
11542850,1,8,2011
12035325,2,8,2011
12367175,3,8,2011
11400575,4,8,2011
9535675,5,8,2011
7186325,6,8,2011
6826575,7,8,2011
11311925,8,8,2011
11943925,9,8,2011
9903700,10,8,2011
8617650,11,8,2011
9629600,12,8,2011
6896100,13,8,2011
6694725,14,8,2011
12815575,15,8,2011
11028425,16,8,2011
9738725,17,8,2011
9255550,18,8,2011
6862675,19,8,2011
5879525,20,8,2011
5345225,21,8,2011
10814500,22,8,2011
10083825,23,8,2011
11364750,24,8,2011
11528525,25,8,2011
8304725,26,8,2011
4001975,27,8,2011
3926375,28,8,2011
6143325,29,8,2011
7916150,30,8,2011
8231925,31,8,2011
10215200,1,9,2011
8694500,2,9,2011
6586350,3,9,2011
6014850,4,9,2011
6904425,5,9,2011
12972750,6,9,2011
12762375,7,9,2011
10720925,8,9,2011
9872750,9,9,2011
7332250,10,9,2011
7194450,11,9,2011
10874650,12,9,2011
9756975,13,9,2011
10058125,14,9,2011
9505225,15,9,2011
7805150,16,9,2011
5593900,17,9,2011
6261925,18,9,2011
10541675,19,9,2011
10518225,20,9,2011
8540800,21,9,2011
9528200,22,9,2011
20627650,23,9,2011
6573050,24,9,2011
8758700,25,9,2011
10578025,26,9,2011
11191675,27,9,2011
11397400,28,9,2011
10030575,29,9,2011
8051000,30,9,2011
7140575,1,10,2011
6460600,2,10,2011
11874275,3,10,2011
11278075,4,10,2011
10767050,5,10,2011
9731250,6,10,2011
9914100,7,10,2011
6940650,8,10,2011
5903100,9,10,2011
9789375,10,10,2011
9656350,11,10,2011
10566300,12,10,2011
7755450,13,10,2011
7881375,14,10,2011
9870800,15,10,2011
6902800,16,10,2011
12615175,17,10,2011
9883850,18,10,2011
9728525,19,10,2011
8863375,20,10,2011
8561375,21,10,2011
5972300,22,10,2011
6018550,23,10,2011
10868275,24,10,2011
10069700,25,10,2011
9857900,26,10,2011
8867575,27,10,2011
7768325,28,10,2011
5322975,29,10,2011
5150625,30,10,2011
8326600,31,10,2011
9417450,1,11,2011
9782200,2,11,2011
9034450,3,11,2011
8219175,4,11,2011
6463925,5,11,2011
6305975,6,11,2011
9729400,7,11,2011
11314125,8,11,2011
11861350,9,11,2011
10503450,10,11,2011
7619550,11,11,2011
7960575,12,11,2011
8170875,13,11,2011
13009700,14,11,2011
11737700,15,11,2011
12165750,16,11,2011
13739450,17,11,2011
15977025,18,11,2011
12374875,19,11,2011
11503475,20,11,2011
18025325,21,11,2011
15257200,22,11,2011
9551125,23,11,2011
4695550,24,11,2011
9394550,25,11,2011
9443725,26,11,2011
9938275,27,11,2011
15696275,28,11,2011
8539100,29,11,2011
8863100,30,11,2011
11648400,1,12,2011
9776275,2,12,2011
9839025,3,12,2011
9588950,4,12,2011
25197050,5,12,2011
17152325,6,12,2011
13884225,7,12,2011
10748125,8,12,2011
8366175,9,12,2011
5812725,10,12,2011
5962625,11,12,2011
9208000,12,12,2011
8759100,13,12,2011
6904450,14,12,2011
6844200,15,12,2011
5419375,16,12,2011
4115550,17,12,2011
4077675,18,12,2011
7638450,19,12,2011
7661250,20,12,2011
6527200,21,12,2011
5250275,22,12,2011
3832925,23,12,2011
2076875,24,12,2011
1807175,25,12,2011
6546500,26,12,2011
11257200,27,12,2011
12321500,28,12,2011
11249250,29,12,2011
9106475,30,12,2011
5608025,31,12,2011
6042675,1,1,2012
10646075,2,1,2012
12507600,3,1,2012
13261575,4,1,2012
8502625,5,1,2012
9495425,6,1,2012
7777100,7,1,2012
6753525,8,1,2012
11628150,9,1,2012
10532450,10,1,2012
11749000,11,1,2012
10985650,12,1,2012
8583275,13,1,2012
7496500,14,1,2012
5804900,15,1,2012
8570875,16,1,2012
9650450,17,1,2012
12799150,18,1,2012
11344275,19,1,2012
9310325,20,1,2012
8809125,21,1,2012
6670800,22,1,2012
13546275,23,1,2012
13594550,24,1,2012
11085250,25,1,2012
9380125,26,1,2012
8651675,27,1,2012
6209075,28,1,2012
5832925,29,1,2012
12390900,30,1,2012
8146775,31,1,2012
8734400,1,2,2012
9297700,2,2,2012
8972600,3,2,2012
8235400,4,2,2012
6837125,5,2,2012
12065925,6,2,2012
14467850,7,2,2012
11267875,8,2,2012
10700800,9,2,2012
8422975,10,2,2012
6844150,11,2,2012
4975300,12,2,2012
8106425,13,2,2012
7276325,14,2,2012
8303375,15,2,2012
7418500,16,2,2012
7352850,17,2,2012
5586775,18,2,2012
5026375,19,2,2012
7295175,20,2,2012
9959325,21,2,2012
9509675,22,2,2012
8290500,23,2,2012
6639800,24,2,2012
4105150,25,2,2012
4257900,26,2,2012
9757350,27,2,2012
8486525,28,2,2012
8687025,29,2,2012
9908650,1,3,2012
11185500,2,3,2012
7330100,3,3,2012
7089850,4,3,2012
13051525,5,3,2012
10473200,6,3,2012
10411325,7,3,2012
10530400,8,3,2012
9767775,9,3,2012
7501225,10,3,2012
6779900,11,3,2012
12951150,12,3,2012
14009350,13,3,2012
13019850,14,3,2012
11849300,15,3,2012
10101100,16,3,2012
8534575,17,3,2012
6631700,18,3,2012
13239575,19,3,2012
12678275,20,3,2012
11282450,21,3,2012
9953325,22,3,2012
9779000,23,3,2012
7667250,24,3,2012
7969150,25,3,2012
12658950,26,3,2012
10894275,27,3,2012
9883225,28,3,2012
10890700,29,3,2012
7776400,30,3,2012
7319075,31,3,2012
7850150,1,4,2012
16886300,2,4,2012
15788775,3,4,2012
15109775,4,4,2012
14432275,5,4,2012
12990625,6,4,2012
8703275,7,4,2012
7105975,8,4,2012
16586400,9,4,2012
15723925,10,4,2012
13152100,11,4,2012
13507675,12,4,2012
10636025,13,4,2012
9290950,14,4,2012
9465700,15,4,2012
15433600,16,4,2012
17386125,17,4,2012
16175500,18,4,2012
13162825,19,4,2012
10865925,20,4,2012
8196900,21,4,2012
8526900,22,4,2012
13156600,23,4,2012
12886850,24,4,2012
13673900,25,4,2012
11229825,26,4,2012
8121125,27,4,2012
4724125,28,4,2012
4165775,29,4,2012
9121825,30,4,2012
11232500,1,5,2012
12266550,2,5,2012
12164325,3,5,2012
9780450,4,5,2012
8403175,5,5,2012
9242000,6,5,2012
14759475,7,5,2012
14700850,8,5,2012
14951100,9,5,2012
13118125,10,5,2012
12946225,11,5,2012
8904900,12,5,2012
8029775,13,5,2012
17631475,14,5,2012
18539250,15,5,2012
16062000,16,5,2012
15050425,17,5,2012
11410175,18,5,2012
9218325,19,5,2012
9482250,20,5,2012
17049825,21,5,2012
15816000,22,5,2012
14442200,23,5,2012
12664750,24,5,2012
10425125,25,5,2012
6698700,26,5,2012
5099350,27,5,2012
6730325,28,5,2012
13637175,29,5,2012
13020075,30,5,2012
11772300,31,5,2012
8149175,1,6,2012
8337000,2,6,2012
8389725,3,6,2012
20682975,4,6,2012
19312525,5,6,2012
18123325,6,6,2012
15992550,7,6,2012
11679725,8,6,2012
10202475,9,6,2012
9102700,10,6,2012
16230000,11,6,2012
16148925,12,6,2012
16303075,13,6,2012
15115500,14,6,2012
11537475,15,6,2012
8634125,16,6,2012
7664350,17,6,2012
14599650,18,6,2012
13968900,19,6,2012
13812875,20,6,2012
10592775,21,6,2012
9565050,22,6,2012
9017350,23,6,2012
7821850,24,6,2012
19508400,25,6,2012
17934125,26,6,2012
15648875,27,6,2012
12717700,28,6,2012
10281300,29,6,2012
7540225,30,6,2012
8325025,1,7,2012
13279000,2,7,2012
10107750,3,7,2012
6594725,4,7,2012
14786950,5,7,2012
13518900,6,7,2012
11257750,7,7,2012
10640750,8,7,2012
17253325,9,7,2012
19116500,10,7,2012
18322425,11,7,2012
15828475,12,7,2012
11989075,13,7,2012
9658400,14,7,2012
12477100,15,7,2012
16877700,16,7,2012
17159125,17,7,2012
15332250,18,7,2012
14876275,19,7,2012
12669500,20,7,2012
8708875,21,7,2012
7661325,22,7,2012
14642925,23,7,2012
16064000,24,7,2012
14906275,25,7,2012
13008725,26,7,2012
9050900,27,7,2012
7718725,28,7,2012
10219025,29,7,2012
15437800,30,7,2012
15036175,31,7,2012
12175525,1,8,2012
12322325,2,8,2012
9693475,3,8,2012
9726450,4,8,2012
7863025,5,8,2012
14976275,6,8,2012
15100775,7,8,2012
16076725,8,8,2012
15050575,9,8,2012
15085250,10,8,2012
10881200,11,8,2012
10398450,12,8,2012
18174400,13,8,2012
18878775,14,8,2012
15849375,15,8,2012
15187975,16,8,2012
15004200,17,8,2012
10667775,18,8,2012
9787475,19,8,2012
19406075,20,8,2012
18434150,21,8,2012
18126200,22,8,2012
15820275,23,8,2012
13634925,24,8,2012
9908800,25,8,2012
9910725,26,8,2012
17684225,27,8,2012
18554225,28,8,2012
15780500,29,8,2012
14986125,30,8,2012
12358050,31,8,2012
9853000,1,9,2012
7938575,2,9,2012
10156350,3,9,2012
17335300,4,9,2012
16450975,5,9,2012
24367100,6,9,2012
20505075,7,9,2012
10637050,8,9,2012
10301050,9,9,2012
20785700,10,9,2012
19508250,11,9,2012
17420800,12,9,2012
17206325,13,9,2012
18150550,14,9,2012
13792525,15,9,2012
11639350,16,9,2012
23464825,17,9,2012
22200925,18,9,2012
19740775,19,9,2012
20280675,20,9,2012
16776600,21,9,2012
12209000,22,9,2012
12923250,23,9,2012
28874950,24,9,2012
22110575,25,9,2012
21924150,26,9,2012
15855750,27,9,2012
13083500,28,9,2012
11965925,29,9,2012
12886150,30,9,2012
18774550,1,10,2012
20307200,2,10,2012
18957250,3,10,2012
23075300,4,10,2012
26532275,5,10,2012
12180550,6,10,2012
14027950,7,10,2012
18276550,8,10,2012
17997325,9,10,2012
19184950,10,10,2012
17132925,11,10,2012
15587775,12,10,2012
15432400,13,10,2012
13797975,14,10,2012
25998325,15,10,2012
22506425,16,10,2012
21088050,17,10,2012
17598825,18,10,2012
15106825,19,10,2012
11823750,20,10,2012
13753100,21,10,2012
20377175,22,10,2012
18573275,23,10,2012
18102200,24,10,2012
16448525,25,10,2012
17181125,26,10,2012
11991175,27,10,2012
10884825,28,10,2012
23212575,29,10,2012
23826625,30,10,2012
16674550,31,10,2012
17104100,1,11,2012
13763675,2,11,2012
10820100,3,11,2012
11947975,4,11,2012
17803775,5,11,2012
17868100,6,11,2012
16589850,7,11,2012
15599800,8,11,2012
17473300,9,11,2012
13594275,10,11,2012
12389575,11,11,2012
16162325,12,11,2012
18387725,13,11,2012
19265575,14,11,2012
22741650,15,11,2012
25493950,16,11,2012
16175200,17,11,2012
14543750,18,11,2012
22149925,19,11,2012
27280425,20,11,2012
14529150,21,11,2012
7184775,22,11,2012
12788400,23,11,2012
11051475,24,11,2012
12132775,25,11,2012
20491075,26,11,2012
20019800,27,11,2012
18921650,28,11,2012
22622025,29,11,2012
18874550,30,11,2012
12550500,1,12,2012
10624950,2,12,2012
23740275,3,12,2012
23503575,4,12,2012
19721575,5,12,2012
17681725,6,12,2012
17366900,7,12,2012
11276425,8,12,2012
11400325,9,12,2012
17274800,10,12,2012
19296825,11,12,2012
20416000,12,12,2012
19268450,13,12,2012
18220325,14,12,2012
16596000,15,12,2012
16905625,16,12,2012
22912575,17,12,2012
19029200,18,12,2012
16254800,19,12,2012
13197300,20,12,2012
9997100,21,12,2012
6884750,22,12,2012
6449300,23,12,2012
8980700,24,12,2012
5532700,25,12,2012
19920675,26,12,2012
19391200,27,12,2012
17472900,28,12,2012
13598225,29,12,2012
11749450,30,12,2012
12317650,31,12,2012
